Player,Age,Tm,Pos,GP,G,A,PTS,PLMI,PIM,PS,EV,STPP,STSH,GW,EVA,PPA,SHA,S,SP,TTOI,BLK,HIT,FOW,FOL,FOP,CF,CA,CFP,CFPR,FF,FA,FFP,FFPR,OISH ,OISV ,PDO,OZS ,DZS ,TK,GV,EPLMI,TSA,THRUP,CAPHIT
Noel Acciari,31,TOT,C,77,14,9,23,-4,21,1.5,14,0,0,2,7,0,2,102,13.7,1102,81,244,337,289,53.8,215,228,48.5,-1,168,151,52.7,2.4,6.8,94.6,101.4,34.5,65.5,10,7,0.6,46,60.9,1250000
Michael Amadio,26,VEG,C,67,16,11,27,2,12,2.8,15,1,0,2,10,1,0,99,16.2,818,27,56,31,32,49.2,749,742,50.2,3,536,531,50.2,2.1,10.1,90.2,100.4,51.2,48.8,36,13,3.9,150,66,762500
Nils Åman,22,VAN,C,68,4,12,16,-12,18,-0.1,4,0,0,1,10,0,2,50,8,864,41,44,181,293,38.2,514,749,40.7,-8.7,379,535,41.5,-7.4,7.2,91.1,98.3,35.5,64.5,9,7,-9.1,82,61,883750
Jaret Anderson-Dolan,23,LAK,C,46,7,5,12,-11,2,0.6,7,0,0,2,4,1,0,54,13,488,29,61,23,16,59,397,434,47.8,-4.1,304,298,50.5,-3.2,8.1,85.4,93.6,57.9,42.1,4,7,-2.1,79,68.4,750000
Mason Appleton,27,WPG,C,41,5,11,16,2,8,1.1,4,1,0,0,11,0,0,71,7,657,11,47,2,8,20,545,526,50.9,-2.1,417,399,51.1,-1.3,8.3,91.6,99.9,46.6,53.4,12,11,4,109,65.1,2166667
Zach Aston-Reese,28,TOR,C,77,10,4,14,-6,25,0.7,10,0,0,2,4,0,0,89,11.2,841,43,163,7,7,50,601,702,46.1,-5.5,466,495,48.5,-3.7,6.4,92.2,98.6,35.9,64.1,18,12,-0.8,167,53.3,840630
Andreas Athanasiou,28,CHI,C,81,20,20,40,-29,34,3.1,17,3,0,4,16,4,0,175,11.4,1296,44,43,81,93,46.6,955,1216,44,0,728,902,44.7,0.7,8.7,89.5,98.1,51.7,48.3,58,49,-15.7,337,51.9,3000000
Mikael Backlund,33,CGY,C,82,19,37,56,24,36,5.6,13,5,1,2,27,7,3,260,7.3,1489,31,97,705,681,50.9,1319,857,60.6,4.7,993,653,60.3,4.9,8.8,90.9,99.6,54.3,45.7,60,43,20.2,424,61.3,5350000
Nicklas Bäckström,35,WSH,C,39,7,14,21,-25,14,0.8,1,6,0,0,9,5,0,59,11.9,658,23,24,259,255,50.4,485,521,48.2,-0.3,342,381,47.3,-0.7,6.4,85,91.4,55.8,44.2,16,22,0.2,118,50,9200000
Josh Bailey,33,NYI,C,64,8,17,25,3,2,1.9,8,0,0,2,14,3,0,72,11.1,969,31,11,40,56,41.7,749,805,48.2,-0.8,536,605,47,-2.3,9.2,91.8,101,58.6,41.4,21,47,-4,115,62.6,5000000
Ivan Barbashev,27,TOT,C,82,16,29,45,1,42,3.5,14,2,0,2,25,3,1,126,12.7,1374,46,182,55,89,38.2,1021,1206,45.8,0.7,777,901,46.3,0.8,10.2,91.5,101.7,51.7,48.3,49,40,-1.5,218,57.8,2250000
Aleksander Barkov,27,FLA,C,68,23,55,78,10,8,7.3,14,8,1,6,32,22,1,208,11.1,1443,48,52,731,601,54.9,1149,842,57.7,4.6,849,669,55.9,3.5,11.5,88.4,99.9,48.9,51.1,56,38,6.9,345,60.3,10000000
Morgan Barron,24,WPG,C,70,8,13,21,4,31,1.5,7,0,1,2,10,1,2,112,7.1,928,44,118,13,16,44.8,710,721,49.6,-2.7,530,516,50.7,-1.1,7.4,93.1,100.4,36.2,63.8,19,16,-1.7,183,61.2,925000
Mathew Barzal,25,NYI,C,58,14,37,51,5,22,4.9,10,4,0,5,22,15,0,139,10.1,1086,34,25,104,188,35.6,964,766,55.7,9.5,697,574,54.8,8.8,8.6,91,99.6,78.1,21.9,49,68,10.2,254,54.7,7000000
Drake Batherson,24,OTT,C,82,22,40,62,-35,33,4.7,8,14,0,2,25,15,0,249,8.8,1526,35,115,13,25,34.2,1259,1143,52.4,1.1,962,832,53.6,2.1,7.2,87.3,94.4,59.9,40.1,38,38,5.9,443,56.2,4975000
Emil Bemström,23,CBJ,C,55,7,15,22,-11,6,1.4,4,3,0,0,12,3,0,95,7.4,666,21,16,7,10,41.2,557,634,46.8,2.4,408,469,46.5,2.7,8.3,89.8,98,55.8,44.2,16,9,-5.7,180,52.8,900000
Matthew Beniers,20,SEA,C,80,24,33,57,14,2,5.8,20,4,0,4,26,6,1,148,16.2,1367,48,79,409,560,42.2,1060,993,51.6,-1.1,796,740,51.8,-1.7,12.7,89.2,101.8,56.4,43.6,55,48,10.1,270,54.8,897500
Patrice Bergeron,37,BOS,C,78,27,31,58,35,22,7,16,9,2,7,21,10,0,249,10.8,1357,54,66,1043,663,61.1,1140,781,59.3,11.6,857,596,59,10.5,10,93.7,103.7,56.5,43.5,38,21,22.5,437,57,2500000
Nick Bjugstad,30,TOT,C,78,17,12,29,13,34,2.6,15,1,1,1,12,0,0,145,11.7,1264,44,168,530,578,47.8,890,1004,47,0.6,670,760,46.9,1,10,92.9,103,39.2,60.8,33,31,-4.4,247,58.7,450000
Colin Blackwell,29,CHI,C,53,2,8,10,-16,6,-0.2,2,0,0,0,7,0,1,53,3.8,625,17,49,18,18,50,405,547,42.5,-0.7,288,395,42.2,-1.4,7,89.5,96.5,32.4,67.6,20,15,-9.7,99,53.5,1200000
Teddy Blueger,28,TOT,C,63,4,12,16,-9,30,0.2,4,0,0,1,11,0,1,85,4.7,813,47,71,299,276,52,581,666,46.6,-3.3,431,483,47.2,-2.6,7,90.6,97.6,19,81,26,16,-4.5,128,66.4,2200000
Jesper Boqvist,24,NJD,C,70,10,11,21,8,2,1.8,10,0,0,2,11,0,0,67,14.9,812,20,50,66,133,33.2,715,673,51.5,-3.3,505,496,50.4,-4.6,9.5,92.3,101.9,51.4,48.6,22,28,2.7,135,49.6,874125
Travis Boyd,29,ARI,C,82,15,19,34,-32,26,1.1,13,2,0,3,11,8,0,94,16,1355,59,39,502,654,43.4,827,1105,42.8,-2.9,617,850,42.1,-3.3,10.7,88.3,99,45.7,54.3,35,34,-18.8,168,56,1750000
Derick Brassard,35,OTT,C,62,13,10,23,3,30,2.5,8,5,0,4,5,5,0,92,14.1,755,10,90,143,143,50,607,554,52.3,0.8,444,407,52.2,-0.1,7.6,93.4,101,41.2,58.8,16,24,-1.3,139,66.2,750000
Jonny Brodzinski,29,NYR,C,17,1,1,2,3,8,0.1,1,0,0,0,1,0,0,27,3.7,158,4,9,51,45,53.1,124,125,49.8,-2,92,91,50.3,-1,7.9,95,102.9,60.8,39.2,6,4,0.1,42,64.3,762500
Logan Brown,24,STL,C,30,2,4,6,-4,8,0.1,2,0,0,0,4,0,0,18,11.1,312,7,22,58,110,34.5,204,275,42.6,-4.1,146,200,42.2,-3.5,7.2,91.5,98.7,61.5,38.5,7,5,-2.1,33,54.5,750000
Patrick Brown,30,TOT,C,61,4,8,12,-2,44,0.4,3,0,1,0,8,0,0,60,6.7,694,42,167,178,161,52.5,513,584,46.8,-3.5,397,397,50,-1.3,7.3,91.6,98.9,30,70,9,13,-2.2,122,49.2,750000
Quinton Byfield,20,LAK,C,53,3,19,22,13,30,1.6,2,1,0,0,19,0,0,74,4.1,745,16,53,51,57,47.2,620,555,52.8,0.9,472,413,53.3,-0.2,12.3,90.9,103.2,46.6,53.4,16,19,4.6,145,51,894167
Sam Carrick,30,ANA,C,52,3,4,7,-17,86,-0.6,3,0,0,0,4,0,0,50,6,549,24,98,182,187,49.3,397,623,38.9,-4.3,287,483,37.3,-5.1,6.4,91.4,97.8,31.2,68.8,13,9,-16.1,85,58.8,850000
Jeff Carter,38,PIT,C,79,13,16,29,-16,30,1.7,9,4,0,2,10,5,1,139,9.4,1083,54,80,557,381,59.4,757,865,46.7,-6.5,564,636,47,-6.3,7.1,90.2,97.3,27.3,72.7,26,33,-5.7,240,57.9,3125000
Filip Chytil,23,NYR,C,74,22,23,45,15,30,5.2,19,3,0,4,21,2,0,177,12.4,1087,38,36,251,380,39.8,910,872,51.1,1.8,661,651,50.4,0.6,11.5,91.5,103,55.8,44.2,30,35,2.3,312,56.7,2300000
Anthony Cirelli,25,TBL,C,58,11,18,29,13,33,2.7,8,1,2,1,17,1,0,111,9.9,961,46,34,427,404,51.4,794,732,52,-0.2,588,557,51.4,-0.5,10.2,91.6,101.8,44.2,55.8,40,15,6.3,189,58.7,4800000
Casey Cizikas,31,NYI,C,81,6,15,21,0,54,0.8,6,0,0,0,13,0,2,111,5.4,1177,58,188,501,438,53.4,874,964,47.6,-2.5,646,678,48.8,-0.7,7.3,92.6,99.9,27.7,72.3,35,28,-6.6,189,58.7,2500000
Blake Coleman,31,CGY,C,82,18,20,38,9,54,3.7,16,0,2,2,20,0,0,188,9.6,1247,39,107,20,22,47.6,1281,854,60,3.9,959,651,59.6,3.8,6.9,91.1,98,54.9,45.1,36,32,18.6,331,56.8,4900000
Ross Colton,26,TBL,C,81,16,16,32,-8,50,2.6,12,4,0,3,11,5,0,153,10.5,1000,28,188,106,83,56.1,903,787,53.4,2.4,664,597,52.7,1.6,7.2,91.2,98.4,48.1,51.9,38,20,-1.6,269,56.9,1125000
Andrew Copp,28,DET,C,82,9,33,42,2,25,2.7,7,1,1,2,29,4,0,120,7.5,1489,45,32,647,652,49.8,920,1086,45.9,-0.8,671,837,44.5,-3.4,11.3,91.7,103,44.6,55.4,26,44,-2.4,204,58.8,5625000
Paul Cotter,23,VEG,C,55,13,5,18,-5,15,1.6,13,0,0,1,5,0,0,76,17.1,705,17,168,11,13,45.8,563,769,42.3,-7.6,410,565,42.1,-8.7,8.5,92.3,100.8,49.4,50.6,17,11,-6.5,131,58,760000
Nick Cousins,29,FLA,C,79,9,18,27,-1,38,1.8,9,0,0,2,18,0,0,102,8.8,871,36,87,71,73,49.3,857,825,51,-3.5,641,617,51,-2.4,8.5,90.9,99.4,53.2,46.8,20,18,1.4,175,58.9,1100000
Logan Couture,33,SJS,C,82,27,40,67,-30,19,5.5,21,5,1,4,25,15,0,198,13.6,1569,70,128,640,709,47.4,1038,1111,48.3,-0.4,769,812,48.6,0.5,11.6,84.9,96.5,47.2,52.8,71,35,3.8,342,58.2,8000000
Charlie Coyle,30,BOS,C,82,16,29,45,29,30,4.5,15,0,1,0,25,0,4,139,11.5,1393,63,68,536,483,52.6,994,1099,47.5,-4.4,741,797,48.2,-4.1,10.2,94.1,104.4,35,65,59,42,2.3,241,58.1,5250000
Dylan Cozens,21,BUF,C,81,31,37,68,-3,41,7,24,5,2,1,23,13,1,211,14.7,1336,30,55,567,607,48.3,970,992,49.4,-2.2,758,793,48.9,-1.6,11.1,88.9,100,49.5,50.5,36,20,-5.9,336,62.8,894167
Sidney Crosby,35,PIT,C,82,33,60,93,8,52,9.6,24,9,0,9,42,18,0,255,12.9,1652,47,71,978,868,53,1549,1309,54.2,3.4,1130,987,53.4,2,10.4,90.2,100.6,62.7,37.3,59,67,9.1,443,57.6,8700000
Austin Czarnik,30,DET,C,29,3,2,5,-4,8,0.1,3,0,0,0,1,1,0,27,11.1,324,13,16,69,91,43.1,235,270,46.5,-0.2,177,197,47.3,1.1,7.3,90.4,97.7,51.6,48.4,13,4,-0.8,47,57.4,762500
Kirby Dach,22,MTL,C,58,14,24,38,-2,43,3.1,8,6,0,2,12,10,2,107,13.1,1073,38,53,87,140,38.3,787,778,50.3,4.2,579,555,51.1,5.3,9.9,89.3,99.2,57.4,42.6,27,31,-0.6,185,57.8,3362500
Phillip Danault,29,LAK,C,82,18,36,54,-8,63,4,15,3,0,1,17,17,2,152,11.8,1503,75,81,692,581,54.4,1176,1054,52.7,0.9,883,741,54.4,1.3,7.8,90.1,97.9,47.3,52.7,27,32,6.8,252,60.7,5500000
Laurent Dauphin,27,ARI,C,21,1,0,1,-4,10,-0.3,1,0,0,0,0,0,0,25,4,220,10,17,84,73,53.5,185,211,46.7,0,123,159,43.6,-3.5,3.5,93.9,97.4,46.7,53.3,10,4,-3.6,41,61,750000
Ty Dellandrea,22,DAL,C,82,9,19,28,9,54,2,9,0,0,2,16,0,3,92,9.8,1164,39,125,102,99,50.7,924,871,51.5,-0.3,667,661,50.2,-0.8,10.2,90.9,101.1,51,49,22,25,0.5,174,52.9,863333
Connor Dewar,23,MIN,C,81,6,12,18,-5,50,0.8,3,0,3,0,11,0,1,87,6.9,888,50,124,222,281,44.1,595,678,46.7,-3.3,442,482,47.8,-2.7,6.3,92,98.4,35.1,64.9,18,10,-3.1,169,51.5,800000
Jason Dickinson,27,CHI,C,78,9,21,30,-29,28,1.1,8,1,0,1,17,0,4,114,7.9,1243,80,112,368,403,47.7,829,1015,45,1.1,623,760,45,0.9,8.7,87,95.7,41.9,58.1,54,36,-12.4,209,54.5,2650000
Ryan Donato,26,SEA,C,71,14,13,27,16,46,3,14,0,0,0,11,2,0,122,11.5,799,12,69,62,85,42.2,695,625,52.7,0,527,464,53.2,0.2,11.1,92.3,103.4,51.5,48.5,36,15,5.2,203,60.1,1200000
Nic Dowd,32,WSH,C,65,13,12,25,6,26,2.6,13,0,0,3,11,0,1,62,21,868,61,136,433,419,50.8,654,658,49.8,-1,486,447,52.1,2,9.6,90.6,100.1,17.2,82.8,28,34,4.4,108,57.4,1300000
Leon Draisaitl,27,EDM,C,80,52,76,128,7,24,14.2,19,32,1,11,45,30,1,247,21.1,1739,40,66,807,663,54.9,1379,1254,52.4,0.4,1053,987,51.6,0,11.6,88.9,100.5,51.4,48.6,77,102,11.6,423,58.4,8500000
Sheldon Dries,28,VAN,C,63,11,6,17,-9,29,1,6,4,1,0,5,1,0,94,11.7,726,40,84,235,236,49.9,500,604,45.3,-4.2,365,436,45.6,-4.1,8.8,90.4,99.1,47.8,52.2,4,18,-1.2,161,58.4,762500
Jack Drury,22,CAR,C,38,2,6,8,3,14,0.5,2,0,0,1,5,1,0,69,2.9,410,16,12,67,59,53.2,447,242,64.9,7,329,181,64.5,7.5,6.2,91.9,98.1,59.1,40.9,9,6,4.8,109,63.3,925000
Dillon Dubé,24,CGY,C,82,18,27,45,-6,47,3.8,15,1,2,3,24,3,0,151,11.9,1243,21,136,45,55,45,1078,877,55.1,-2.7,799,673,54.3,-3.3,9.8,87.6,97.3,58.4,41.6,24,28,-2,267,56.6,2300000
Matt Duchene,32,NSH,C,71,22,34,56,4,32,5.7,17,5,0,3,26,8,0,168,13.1,1301,32,27,137,122,52.9,1107,1091,50.4,2.2,822,828,49.8,2.1,11.3,89.8,101,60.6,39.4,35,60,2,319,52.7,8000000
Christian Dvorak,26,MTL,C,64,10,18,28,-12,6,1.4,9,0,1,1,15,3,0,88,11.4,1079,66,13,477,440,52,683,873,43.9,-2.6,470,642,42.3,-4.8,9.1,90.3,99.4,39.9,60.1,20,34,-9.3,144,61.1,4450000
Jack Eichel,26,VEG,C,67,27,39,66,26,6,7.8,25,2,0,2,26,12,1,223,12.1,1257,56,59,359,434,45.3,1052,1066,49.7,3.2,792,737,51.8,4.7,12.1,91.3,103.4,53.3,46.7,47,54,5.7,359,62.1,10000000
Lars Eller,33,TOT,C,84,10,13,23,3,46,1.4,9,0,1,1,13,0,0,140,7.1,1243,42,93,549,474,53.7,1030,985,51.1,-1,742,699,51.5,-0.3,7.7,91.6,99.4,38.5,61.5,40,36,5.7,268,52.2,2415000
Joel Eriksson Ek,26,MIN,C,78,23,38,61,4,44,6.1,9,12,2,1,26,11,1,247,9.3,1482,55,119,684,702,49.4,1021,1014,50.2,0.3,770,748,50.7,0.3,9.2,91.1,100.3,40.5,59.5,44,14,2.3,397,62.2,5250000
Jake Evans,26,MTL,C,54,2,17,19,-5,28,0.5,1,1,0,0,15,0,2,55,3.6,782,41,27,338,312,52,524,624,45.6,-2.6,365,437,45.5,-2.2,8.2,90.6,98.9,40.4,59.6,19,29,-6.5,107,51.4,1700000
Michael Eyssimont,26,TOT,C,54,5,10,15,3,63,1,5,0,0,0,10,0,0,124,4,662,19,107,12,22,35.3,680,531,56.2,6.4,504,409,55.2,5.8,8.7,91.2,99.9,49,51,29,15,7.6,216,57.4,750000
Robby Fabbri,27,DET,C,28,7,9,16,-1,22,1.5,4,3,0,3,4,5,0,35,20,448,15,49,10,16,38.5,251,387,39.3,-9.1,180,285,38.7,-10.9,10.6,93.5,104.1,41.5,58.5,6,12,-2.1,65,53.8,4000000
Radek Faksa,29,DAL,C,81,11,9,20,9,39,1.5,10,0,1,3,8,0,1,88,12.5,1111,69,89,309,243,56,835,782,51.6,-0.2,590,550,51.8,1,7.3,93.8,101.2,38.3,61.7,26,18,3.2,141,62.4,3250000
Liam Foudy,22,CBJ,C,62,7,7,14,-26,8,0,7,0,0,0,7,0,0,67,10.4,752,18,60,3,6,33.3,579,725,44.4,-0.7,416,552,43,-1.7,6.8,88.3,95,45.1,54.9,23,7,-8.9,130,51.5,762500
Trent Frederic,24,BOS,C,79,17,14,31,28,57,4,17,0,0,6,13,0,1,120,14.2,942,36,105,24,48,33.3,789,807,49.4,-1.4,600,586,50.6,-0.7,11.3,94.5,105.9,41.2,58.8,24,20,5.6,189,63.5,1050000
Morgan Frost,23,PHI,C,81,19,27,46,-12,24,3.8,18,1,0,3,23,4,0,155,12.3,1324,53,85,436,515,45.8,1025,1113,47.9,0.5,773,798,49.2,0.6,9.7,89.2,98.9,56,44,37,26,3.3,277,56,800000
Sam Gagner,33,WPG,C,48,8,6,14,-4,13,1.1,7,1,0,2,4,2,0,78,10.3,584,14,16,14,32,30.4,506,452,52.8,2.4,390,348,52.8,2.9,6.7,91.2,97.9,56,44,12,10,1.2,125,62.4,750000
Dylan Gambrell,26,OTT,C,60,4,6,10,-4,25,0.2,4,0,0,0,4,0,2,46,8.7,683,45,60,138,168,45.1,426,525,44.8,-8.2,315,371,45.9,-7.8,6.8,92.5,99.3,30.9,69.1,14,17,-6.3,87,52.9,950000
Frédérick Gaudreau,29,MIN,C,82,19,19,38,10,10,3.9,12,3,4,3,17,1,1,138,13.8,1316,52,42,500,515,49.3,886,1016,46.6,-3.9,655,720,47.6,-3.4,9.3,92.6,101.9,50.2,49.8,42,21,-5.2,207,66.7,1200000
Morgan Geekie,24,SEA,C,69,9,19,28,14,24,2.7,8,1,0,3,19,0,0,81,11.1,721,33,53,297,307,49.2,586,589,49.9,-2.7,470,419,52.9,0.4,13.1,89.8,102.9,50.9,49.1,29,14,5.9,131,61.8,1400000
Zemgus Girgensons,29,BUF,C,80,10,8,18,-5,14,0.6,10,0,0,0,7,1,0,114,8.8,1038,49,96,94,113,45.4,758,732,50.9,-0.4,575,549,51.2,1.3,6.3,92,98.3,41.6,58.4,22,8,0.5,202,56.4,2200000
Claude Giroux,35,OTT,C,82,35,44,79,4,34,9,28,7,0,6,26,17,1,214,16.4,1541,30,75,712,509,58.3,1439,1120,56.2,6.8,1068,850,55.7,5.3,9.7,89,98.7,54.5,45.5,52,32,10.4,357,59.9,6500000
Cody Glass,23,NSH,C,72,14,21,35,9,20,3.5,8,6,0,2,18,3,0,131,10.7,1063,31,62,362,365,49.8,822,848,49.2,1.6,604,619,49.4,2.4,9.4,92.7,102.1,52.5,47.5,35,23,4.3,230,57,874125
Luke Glendening,33,DAL,C,70,3,3,6,-9,50,-0.9,1,0,2,0,3,0,0,65,4.6,844,60,114,359,249,59,548,614,47.2,-4.8,371,448,45.3,-5.9,5,91.9,96.9,31.9,68.1,11,8,-7.5,136,47.8,1500000
Yanni Gourde,31,SEA,C,81,14,34,48,23,76,4.2,10,3,1,2,33,1,0,141,9.9,1388,54,118,483,489,49.7,1170,997,54,2.3,876,719,54.9,2.7,11.2,90.7,101.9,50.7,49.3,65,27,5.5,244,57.8,5166666
Mikael Granlund,30,TOT,C,79,10,31,41,-15,20,2.2,9,1,0,1,20,11,0,121,8.3,1408,60,78,171,213,44.5,1051,1129,48.2,-3,757,853,47,-4.5,8.7,90.5,99.2,51.9,48.1,38,33,-2.9,222,54.5,5000000
Derek Grant,32,ANA,C,46,5,13,18,-4,26,0.9,5,0,0,0,11,2,0,72,6.9,683,26,36,272,221,55.2,391,602,39.4,-3.1,295,462,39,-2,10,92.7,102.7,26.9,73.1,18,14,-11.7,123,58.5,1500000
Noah Gregor,24,SJS,C,57,10,7,17,-9,32,1.1,10,0,0,1,6,0,1,119,8.4,740,34,97,7,16,30.4,629,794,44.2,-4.6,478,582,45.1,-3.1,7.9,91.5,99.4,40.7,59.3,25,10,-6.4,204,58.3,950000
Jake Guentzel,28,PIT,C,78,36,37,73,2,46,7.9,25,11,0,6,25,12,0,244,14.8,1569,46,83,8,8,50,1478,1307,53.1,1.5,1076,978,52.4,0.3,9.9,90.6,100.5,61.8,38.2,44,48,6.1,446,54.7,6000000
David Gustafsson,22,WPG,C,46,0,6,6,2,6,0,0,0,0,0,5,0,1,45,0,464,18,25,103,106,49.3,334,360,48.1,-2.1,256,267,48.9,-1,7.3,93.7,100.9,41.1,58.9,14,9,-2.2,72,62.5,775000
Cole Guttman,23,CHI,C,14,4,2,6,1,2,0.7,4,0,0,1,2,0,0,26,15.4,204,8,4,88,81,52.1,136,188,42,0,108,135,44.4,1.2,8.8,93.5,102.2,46.7,53.3,12,11,-1.8,42,61.9,950000
Barrett Hayton,22,ARI,C,82,19,24,43,-5,42,3.2,15,4,0,4,17,6,1,178,10.7,1435,33,83,628,602,51.1,1004,1042,49.1,5.7,765,801,48.9,6.1,11.6,88,99.6,44.8,55.2,35,41,2.2,279,63.8,1775000
Danton Heinen,27,PIT,C,65,8,14,22,-5,12,1.5,7,1,0,0,13,1,0,96,8.3,699,26,76,2,3,40,630,598,51.3,-0.2,447,438,50.5,-1.5,7.5,90,97.5,39.5,60.5,24,16,3.1,163,58.9,1000000
Darren Helm,36,COL,C,11,0,0,0,-1,4,-0.2,0,0,0,0,0,0,0,10,0,99,3,16,31,43,41.9,65,76,46.1,-11.3,50,57,46.7,-8.6,7.9,90.7,98.6,25,75,1,1,-0.6,15,66.7,1250000
Adam Henrique,32,ANA,C,62,22,16,38,-8,22,3.6,18,4,0,1,10,6,0,132,16.7,1127,46,28,342,327,51.1,723,841,46.2,3.8,538,650,45.3,3.8,10.6,90.3,100.9,51.6,48.4,26,34,-5,224,58.9,5825000
Tomáš Hertl,29,SJS,C,79,22,41,63,-36,42,4.5,16,6,0,1,25,16,0,183,12,1523,57,91,792,653,54.8,1330,1196,52.7,5.8,945,903,51.1,3.9,9.6,86.6,96.2,59.2,40.8,50,39,4.5,342,53.5,8137500
Vinnie Hinostroza,28,BUF,C,26,2,9,11,-1,6,0.6,2,0,0,1,8,0,1,38,5.3,328,7,1,1,3,25,301,305,49.7,-1,221,240,47.9,-1,8.5,91.5,100,41.6,58.4,8,7,-4.6,75,50.7,1700000
Nico Hischier,24,NJD,C,81,31,49,80,33,10,9.2,21,7,3,9,36,12,1,256,12.1,1562,61,34,891,763,53.9,1275,1028,55.4,1.9,957,733,56.6,3.2,11.9,90.5,102.4,48.6,51.4,64,41,14.7,418,61.5,7250000
Mike Hoffman,33,MTL,C,67,14,20,34,-10,28,2.5,13,1,0,3,11,9,0,148,9.5,1050,24,24,16,12,57.1,715,845,45.8,0.6,511,603,45.9,0.9,9.5,90.1,99.6,50.5,49.5,19,41,-11.3,261,56.7,4500000
Bo Horvat,27,TOT,C,79,38,32,70,-1,18,7.5,22,12,4,5,21,10,1,229,16.6,1632,55,57,958,727,56.9,1242,1164,51.6,3.6,909,864,51.3,3.4,10.1,89.6,99.8,49.4,50.6,38,37,-4.5,355,64.5,4125000
Brett Howden,24,VEG,C,54,6,7,13,5,55,0.8,6,0,0,0,7,0,0,53,11.3,705,34,107,117,110,51.5,524,691,43.1,-5.3,359,464,43.6,-5.9,8.8,94.3,103.1,39.8,60.2,24,7,-4.1,108,49.1,1500000
Jack Hughes,21,NJD,C,78,43,56,99,10,6,11.3,34,9,0,6,34,22,0,336,12.8,1557,30,12,164,300,35.3,1457,1088,57.2,4.3,1080,811,57.1,3.7,11,87.8,98.8,65.6,34.4,60,85,22.9,554,60.6,8000000
Alex Iafallo,29,LAK,C,59,14,22,36,14,20,3.6,7,7,0,5,21,1,0,133,10.5,962,33,27,7,6,53.8,748,669,52.8,1.1,574,469,55,1.9,9.5,92.2,101.8,50.6,49.4,28,9,4.2,218,61,4000000
Mattias Janmark,30,EDM,C,66,10,15,25,9,30,1.8,7,0,3,1,14,0,1,79,12.7,968,26,20,26,33,44.1,653,680,49,-4.7,496,522,48.7,-4.5,8.7,92.3,101,43.2,56.8,27,26,-1.1,117,67.5,1250000
Calle Järnkrok,31,TOR,C,73,20,19,39,9,14,4.2,16,3,1,2,15,2,2,106,18.9,1050,19,50,42,52,44.7,750,770,49.3,-1.4,566,572,49.7,-1.9,10.9,90.8,101.7,46.9,53.1,21,12,1.5,197,53.8,2100000
Seth Jarvis,20,CAR,C,82,14,25,39,10,12,3.6,13,0,1,0,20,5,0,187,7.5,1329,48,73,9,17,34.6,1253,883,58.7,-1.9,946,679,58.2,-1.7,8.6,91,99.6,58.6,41.4,37,30,13.7,325,57.5,894167
Boone Jenner,29,CBJ,C,68,26,19,45,-32,51,3.7,19,7,0,3,15,4,0,214,12.1,1374,70,129,758,628,54.7,1106,1200,48,4.5,811,881,47.9,4.8,8.9,87.3,96.2,45.5,54.5,28,25,-2.8,386,55.4,3750000
Ryan Johansen,30,NSH,C,55,12,16,28,-13,32,2.1,7,5,0,1,11,5,0,86,14,867,19,49,502,346,59.2,711,649,52.3,3.4,522,492,51.5,2.8,7.6,89.3,96.9,53.9,46.1,20,21,-1.1,154,55.8,8000000
Marcus Johansson,32,TOT,C,80,19,27,46,3,8,4.4,12,5,2,7,14,13,0,137,13.9,1319,23,26,23,29,44.2,1045,998,51.2,1.6,757,753,50.1,0.1,9.1,91.1,100.1,50.4,49.6,31,31,2.2,233,58.8,1100000
Kent Johnson,20,CBJ,C,79,16,24,40,-19,14,3.1,11,5,0,3,17,7,0,126,12.7,1147,30,15,41,98,29.5,858,1001,46.2,0.9,617,766,44.6,-0.6,10.1,89.4,99.5,60.5,39.5,26,40,-10,221,57,925000
Tyler Johnson,32,CHI,C,56,12,20,32,-21,16,2.3,8,4,0,0,15,5,0,125,9.6,928,25,49,58,55,51.3,626,779,44.6,-0.8,471,575,45,-0.7,9.4,88.3,97.6,48.8,51.2,33,22,-8.7,216,57.9,5000000
Wyatt Johnston,19,DAL,C,82,24,17,41,6,20,4.4,21,3,0,3,13,4,0,160,15,1270,31,22,145,190,43.3,1050,1096,48.9,-3.8,768,851,47.4,-4.7,10.3,92,102.4,53.6,46.4,47,55,3.3,281,56.9,894167
Dakota Joshua,26,VAN,C,79,11,12,23,-16,60,1,9,1,1,2,12,0,0,71,15.5,910,30,222,23,20,53.5,606,777,43.8,-5,463,566,45,-3.7,7.2,90,97.2,41.2,58.8,30,13,-3.8,106,67,825000
Tyson Jost,24,TOT,C,71,7,18,25,-13,34,0.9,7,0,0,0,18,0,0,98,7.1,940,32,61,175,276,38.8,690,751,47.9,-3.4,519,589,46.8,-3.5,8.8,89,97.8,48.3,51.7,24,8,-0.3,174,56.3,2000000
Nazem Kadri,32,CGY,C,82,24,32,56,-19,56,4.7,13,11,0,4,24,8,0,267,9,1411,31,99,586,648,47.5,1326,974,57.7,0.7,966,737,56.7,-0.1,8.1,86.9,95,62.1,37.9,34,50,10,490,54.5,7000000
David Kämpf,28,TOR,C,82,7,20,27,6,8,1.4,7,0,0,1,17,0,3,107,6.5,1255,29,74,591,556,51.5,830,957,46.4,-5.4,627,696,47.4,-5.4,8.5,92.2,100.7,27.2,72.8,57,30,-4.2,171,62.6,1500000
William Karlsson,30,VEG,C,82,14,39,53,14,10,4.5,10,2,2,2,29,7,3,161,8.7,1432,50,50,632,510,55.3,1168,1116,51.1,4,870,792,52.3,4.5,9.2,91.6,100.8,52.1,47.9,44,33,9.9,290,55.5,5900000
Mark Kastelic,23,OTT,C,65,7,4,11,-6,102,0.7,7,0,0,2,4,0,0,73,9.6,578,37,154,336,254,56.9,466,511,47.7,-5.7,348,354,49.6,-3.8,6.9,90.7,97.6,24,76,19,15,-1.2,119,61.3,821667
Clayton Keller,24,ARI,C,82,37,49,86,-2,49,8.7,30,6,1,4,35,14,0,223,16.6,1702,34,18,22,41,34.9,1211,1264,48.9,6,927,981,48.6,6.3,11.9,89,100.9,50,50,58,63,-3.5,383,58.5,7150000
Alexander Kerfoot,28,TOR,C,82,10,22,32,8,30,2.3,7,2,1,1,20,1,1,133,7.5,1199,46,54,65,80,44.8,924,850,52.1,1.9,686,623,52.4,1.1,9.3,91.3,100.6,41.4,58.6,45,38,5.3,221,60.2,3500000
Alex Killorn,33,TBL,C,82,27,37,64,18,45,6.9,23,3,1,5,27,9,1,143,18.9,1411,31,61,1,1,50,1021,994,50.7,-1.3,741,758,49.4,-2.8,13.1,90.6,103.7,44.2,55.8,40,54,1.1,239,59.8,4450000
Travis Konecny,25,PHI,C,60,31,30,61,-12,77,6.6,23,5,3,5,17,10,3,191,16.2,1207,38,55,28,32,46.7,939,949,49.7,3.4,683,709,49.1,0.6,9.4,88.6,98,51.8,48.2,34,26,-2.4,358,53.4,5500000
Anže Kopitar,35,LAK,C,82,28,46,74,20,4,7.6,21,7,0,4,32,13,1,169,16.6,1665,87,68,899,709,55.9,1211,1101,52.4,0.4,925,797,53.7,0.4,10.8,90.9,101.8,47.7,52.3,46,49,13.3,290,58.3,10000000
Klim Kostin,23,EDM,C,57,11,10,21,12,66,2.4,11,0,0,2,10,0,0,56,19.6,573,15,157,4,6,40,472,485,49.3,-4.1,347,362,48.9,-4.1,11.5,93.2,104.8,45.1,54.9,12,16,1.9,104,53.8,750000
Jesperi Kotkaniemi,22,CAR,C,82,18,25,43,10,50,4.5,14,3,1,2,17,8,0,129,14,1208,21,105,360,340,51.4,1102,731,60.1,0.1,809,556,59.3,-0.2,8.3,91.5,99.8,61.5,38.5,29,48,12,243,53.1,4820000
Peyton Krebs,22,BUF,C,74,9,17,26,-8,50,1.2,7,1,1,0,15,2,0,78,11.5,1024,20,93,251,305,45.1,780,717,52.1,1.1,575,551,51.1,1.2,7.9,90.3,98.2,47.3,52.7,19,28,-3.4,143,55.2,863333
David Krej?í,36,BOS,C,70,16,40,56,23,20,5.6,12,4,0,2,32,8,0,112,14.3,1204,38,41,351,389,47.4,890,960,48.1,-3.6,673,719,48.3,-4,13.4,92.4,105.9,57.8,42.2,17,36,-1.9,202,55.4,1000000
Karson Kuhlman,27,TOT,C,47,3,4,7,-4,8,-0.1,3,0,0,2,4,0,0,48,6.3,557,18,41,0,5,0,426,425,50.1,-1.2,319,314,50.4,-0.6,7.4,90.7,98.1,48.4,51.6,15,12,-1.2,114,42.1,825000
Rasmus Kupari,22,LAK,C,66,3,12,15,-5,12,0.4,3,0,0,0,11,0,1,53,5.7,666,34,80,220,183,54.6,523,541,49.2,-3.6,387,371,51.1,-3,8.1,89,97.1,61.8,38.2,16,12,0.2,96,55.2,863333
Sean Kuraly,30,CBJ,C,71,11,9,20,-28,68,0.4,9,1,1,0,8,0,1,100,11,1070,46,187,567,575,49.6,733,1026,41.7,-4.7,535,750,41.6,-4.2,7.8,89.1,96.9,24.5,75.5,30,17,-14.7,183,54.6,2500000
Philipp Kurashev,23,CHI,C,70,9,16,25,-32,14,0.5,9,0,0,2,12,4,0,116,7.8,1219,34,38,85,105,44.7,825,1114,42.5,-0.7,618,870,41.5,-2.4,9.3,88.4,97.8,51.9,48.1,42,23,-15.6,209,55.5,750000
Evgeny Kuznetsov,30,WSH,C,81,12,43,55,-26,56,3.3,7,5,0,2,30,13,0,172,7,1463,29,43,508,561,47.5,1044,1115,48.4,-2.1,764,858,47.1,-3.6,9.8,88.6,98.4,63.6,36.4,43,63,-8.2,320,53.8,7800000
Jordan Kyrou,24,STL,C,79,37,36,73,-38,22,6.7,26,11,0,5,23,12,1,272,13.6,1422,35,14,5,9,35.7,1083,1161,48.3,3.5,806,890,47.5,1.9,10.5,85.2,95.7,58.9,41.1,54,55,-6.4,470,57.9,2800000
Tanner Laczynski,25,PHI,C,32,2,2,4,-5,2,-0.1,2,0,0,0,2,0,0,23,8.7,305,10,30,50,47,51.5,212,265,44.4,-1.8,150,187,44.5,-3.7,5.4,91.8,97.2,48.4,51.6,10,3,-3.5,44,52.3,762500
Sam Lafferty,27,TOT,C,70,12,15,27,-11,37,2,8,0,4,1,14,0,1,102,11.8,1023,33,125,248,237,51.1,688,858,44.5,-0.9,512,636,44.6,-1.3,7.5,90.7,98.2,36.2,63.8,27,34,-14.7,164,62.2,1150000
Dylan Larkin,26,DET,C,80,32,47,79,-7,45,8,15,16,1,5,32,15,0,244,13.1,1564,27,47,737,618,54.4,1092,1093,50,5.1,831,801,50.9,5.6,11,87.9,98.9,51.7,48.3,56,47,2.2,465,52.5,6100000
Scott Laughton,28,PHI,C,78,18,25,43,-9,50,3.4,10,5,3,0,17,4,4,170,10.6,1426,57,156,509,568,47.3,1078,1193,47.5,0.2,808,848,48.8,0.4,8.2,89.6,97.9,44.9,55.1,35,42,1.1,278,61.2,3000000
Jakub Lauko,22,BOS,C,23,4,3,7,2,11,0.8,4,0,0,1,3,0,0,17,23.5,204,6,44,0,4,0,140,195,41.8,-9,106,139,43.3,-8.1,13.9,91.9,105.8,18.3,81.7,7,6,-1.3,33,51.5,764167
Curtis Lazar,27,TOT,C,49,3,2,5,-6,21,-0.5,3,0,0,0,2,0,0,55,5.5,585,53,138,140,132,51.5,392,510,43.5,-7.7,293,356,45.1,-5.1,6.1,92.2,98.3,37.6,62.4,15,5,-1.5,86,64,1000000
Jake Leschyshyn,23,TOT,C,35,0,0,0,-10,8,-0.9,0,0,0,0,0,0,0,31,0,320,11,55,118,115,50.6,223,312,41.7,-11,166,231,41.8,-11.6,3.4,91.4,94.8,52.3,47.7,4,4,-4,46,67.4,766667
Trevor Lewis,36,CGY,C,82,9,11,20,-7,18,0.9,7,1,1,1,11,0,0,144,6.3,994,33,158,131,178,42.4,831,687,54.7,-3,611,501,54.9,-2.2,6.2,89.9,96.2,54.8,45.2,29,13,-2,224,64.3,800000
Elias Lindholm,28,CGY,C,80,22,42,64,6,14,6,11,10,1,2,29,11,2,186,11.8,1492,50,98,857,681,55.7,1183,928,56,-1.6,873,695,55.7,-1.4,9.8,88.2,98,54.9,45.1,42,33,8.3,342,54.7,4850000
Blake Lizotte,25,LAK,C,81,11,23,34,11,60,2.9,11,0,0,1,21,0,2,108,10.2,1048,39,96,413,394,51.2,909,793,53.4,1.7,677,572,54.2,1.2,9.7,89.4,99.1,56.2,43.8,32,16,5.4,175,61.7,1675000
Steven Lorentz,26,SJS,C,80,10,9,19,-18,16,0.7,8,1,1,0,8,0,1,111,9,947,46,133,262,285,47.9,725,804,47.4,-1.2,534,610,46.7,-1.8,5.9,90.4,96.3,43.6,56.4,46,15,-2.7,191,58.1,1050000
Anton Lundell,21,FLA,C,73,12,21,33,1,43,2.1,10,0,2,1,16,5,0,152,7.9,1195,32,29,269,310,46.5,1013,802,55.8,1.6,750,612,55.1,1.7,8.6,89.6,98.2,54.5,45.5,37,41,7.6,261,58.2,925000
Isac Lundeström,23,ANA,C,61,4,10,14,-13,2,-0.2,3,0,1,0,10,0,0,60,6.7,874,43,20,286,316,47.5,541,831,39.4,-4.8,409,637,39.1,-4.1,8.2,91.3,99.5,31.8,68.2,23,13,-12.9,104,57.7,1800000
Eetu Luostarinen,24,FLA,C,82,17,26,43,19,28,4,15,2,0,1,22,3,1,132,12.9,1311,51,64,175,243,41.9,1061,910,53.8,-0.6,813,704,53.6,0.2,10.4,92,102.4,55.6,44.4,47,42,12.1,244,54.1,1500000
Zack MacEwen,26,TOT,C,56,4,6,10,-11,66,-0.1,4,0,0,3,6,0,0,73,5.5,648,29,150,15,14,51.7,535,604,47,-1.7,383,426,47.3,-2.5,5.8,90.9,96.7,47.5,52.5,13,13,-2.7,137,53.3,925000
Nathan MacKinnon,27,COL,C,71,42,69,111,29,30,13.1,30,12,0,9,47,22,0,366,11.5,1585,40,53,519,649,44.4,1512,1171,56.4,7.7,1084,904,54.5,5.7,11.9,90.9,102.8,63.9,36.1,43,47,9,629,58.2,6300000
Denis Malgin,26,TOT,C,65,13,8,21,4,8,2.2,13,0,0,1,7,1,0,112,11.6,710,18,68,4,6,40,674,563,54.5,2.2,498,417,54.4,2.4,7,92.6,99.6,49.2,50.8,29,24,5.7,198,56.6,750000
Evgeni Malkin,36,PIT,C,82,27,56,83,-12,82,7.6,16,11,0,3,31,25,0,240,11.3,1524,33,53,422,434,49.3,1325,1087,54.9,4.2,1004,820,55,4.3,8.1,89.2,97.2,67.6,32.4,82,105,15.2,417,57.6,6100000
Jonathan Marchessault,32,VEG,C,76,28,29,57,2,21,6.1,19,9,0,4,22,7,0,234,12,1303,17,76,21,35,37.5,1153,1090,51.4,4.9,864,787,52.3,5.1,9.2,89.8,99.1,56.6,43.4,40,30,9.1,432,54.2,5000000
Auston Matthews,25,TOR,C,74,40,45,85,31,20,10.6,27,13,0,8,30,15,0,327,12.2,1501,92,78,550,499,52.4,1306,1150,53.2,4.3,999,837,54.4,4.7,12.5,91.4,103.8,66.3,33.7,68,55,18.7,568,57.6,11640250
Jack McBain,23,ARI,C,82,12,14,26,-8,64,1.3,12,0,0,2,14,0,0,85,14.1,1146,51,304,370,470,44,682,1017,40.1,-6.2,516,748,40.8,-4.7,9.2,91.9,101.2,37.3,62.7,26,30,-14.9,151,56.3,883750
Jared McCann,26,SEA,C,79,40,30,70,18,14,8.9,30,7,3,3,21,9,0,210,19,1291,28,65,26,52,33.3,1032,837,55.2,3.3,762,642,54.3,1.3,13.2,88.1,101.3,56.1,43.9,56,28,14.7,396,53,5000000
Connor McDavid,26,EDM,C,82,64,89,153,22,36,18.2,39,21,4,11,36,50,3,352,18.2,1836,40,89,525,486,51.9,1513,1270,54.4,3.4,1148,993,53.6,3.2,11.2,90.1,101.3,55.1,44.9,82,77,21.9,529,66.5,12500000
Michael McLeod,24,NJD,C,80,4,22,26,6,43,1.4,4,0,0,1,21,0,1,90,4.4,980,51,127,587,381,60.6,860,865,49.9,-5.5,618,624,49.8,-6.1,8.3,92.8,101.1,35,65,31,29,-0.8,163,55.2,975000
Ryan McLeod,23,EDM,C,57,11,12,23,4,18,1.9,9,0,2,0,11,0,1,78,14.1,809,20,40,288,310,48.2,620,531,53.9,2.3,458,412,52.6,1.9,8.3,91.3,99.6,47.6,52.4,23,41,5.6,144,54.2,798000
Mason Mctavish,20,ANA,C,80,17,26,43,-19,44,3,10,7,0,1,19,7,0,161,10.6,1230,37,55,307,418,42.3,828,1088,43.2,0.5,632,864,42.2,0.5,9.4,90.7,100.1,44.3,55.7,29,32,-15.8,269,59.9,894167
Dawson Mercer,21,NJD,C,82,27,29,56,22,14,6.4,24,2,1,6,20,8,1,161,16.8,1358,63,36,70,95,42.4,1112,1040,51.7,-3.3,822,744,52.5,-2.7,11,90.8,101.9,51.9,48.1,22,35,14.1,274,58.8,894167
J.T. Miller,29,VAN,C,81,32,50,82,-7,60,7.5,16,11,5,3,27,19,4,223,14.3,1675,51,200,487,399,55,1184,1106,51.7,4.9,878,841,51.1,4.1,8.9,89.1,97.9,51.5,48.5,58,46,-3.9,404,55.2,5250000
Casey Mittelstadt,24,BUF,C,82,15,44,59,-8,22,4.4,10,4,1,2,32,12,0,135,11.1,1290,16,30,338,398,45.9,1018,958,51.5,0.5,775,775,50,-0.1,10.3,89.3,99.6,51.7,48.3,50,42,-2.4,228,59.2,2500000
Tyler Motte,27,TOT,C,62,8,11,19,3,6,1.5,7,0,1,1,11,0,0,109,7.3,780,60,118,21,30,41.2,543,644,45.7,-5.7,397,469,45.8,-5.2,8.5,93.6,102.1,36.8,63.2,29,27,-4.1,184,59.2,1350000
Vladislav Namestnikov,30,TOT,C,77,8,17,25,5,35,1.7,7,1,0,0,15,2,0,108,7.4,972,39,108,77,128,37.6,806,699,53.6,1.8,594,509,53.9,1.8,8.6,92.4,101,57.1,42.9,34,11,7.6,178,60.7,1250000
Martin Ne?as,24,CAR,C,82,28,43,71,5,32,7.6,19,9,0,5,25,17,1,240,11.7,1510,21,57,188,229,45.1,1391,965,59,-1.5,1040,759,57.8,-2.3,9.8,88.2,98,62.2,37.8,45,65,10.5,438,54.8,3000000
Brock Nelson,31,NYI,C,82,36,39,75,13,24,9.1,30,6,0,8,28,11,0,222,16.2,1512,43,50,490,547,47.3,1263,1213,51,1.9,910,916,49.8,0.5,12.5,90,102.5,57.2,42.8,48,40,3.4,418,53.1,6000000
Alex Newhook,22,COL,C,82,14,16,30,0,22,2.3,13,1,0,3,15,1,0,116,12.1,1144,26,60,208,295,41.4,957,883,52,-0.4,673,665,50.3,-1.6,8.6,90.9,99.5,51.8,48.2,26,20,7.9,192,60.4,908333
Tomáš Nosek,30,BOS,C,66,7,11,18,9,48,1.3,5,0,2,1,11,0,0,69,10.1,828,31,69,354,243,59.3,485,608,44.4,-8.6,380,441,46.3,-6.8,8,95.3,103.3,12.6,87.4,20,22,-3.2,112,61.6,1750000
Thomas Novak,25,NSH,C,51,17,26,43,5,8,4.8,12,5,0,3,19,7,0,93,18.3,747,23,9,179,223,44.5,640,660,49.2,3.6,469,519,47.5,1.4,12,91.5,103.6,65.6,34.4,26,15,-2.3,159,58.5,750000
Ryan Nugent-Hopkins,29,EDM,C,82,37,67,104,12,35,10.9,21,15,1,3,26,38,3,201,18.4,1624,26,48,308,374,45.2,1109,997,52.7,0.7,836,781,51.7,0.1,11.8,89.5,101.4,47,53,56,31,8.2,328,61.3,5125000
William Nylander,26,TOR,C,82,40,47,87,10,28,10,31,9,0,5,28,19,0,293,13.7,1520,26,18,25,34,42.4,1298,1176,52.5,2.7,998,859,53.7,3.2,10.5,90.2,100.6,64.5,35.5,70,37,18.9,516,56.8,6962366
Liam O'Brien,28,ARI,C,56,3,8,11,-5,114,0,3,0,0,0,8,0,0,39,7.7,640,28,203,4,11,26.7,376,589,39,-6.1,277,429,39.2,-5.2,8.8,92.6,101.4,37.1,62.9,6,20,-10.7,74,52.7,775000
Ryan O'Reilly,31,TOT,C,53,16,14,30,-21,16,2,14,1,1,4,10,4,0,102,15.7,951,23,18,499,396,55.8,710,721,49.6,3.6,545,553,49.6,2.2,9.6,85.7,95.3,44.5,55.5,46,10,4.6,163,62.6,1875000
T.J. Oshie,36,WSH,C,58,19,16,35,-18,59,3.1,10,9,0,2,14,2,0,126,15.1,970,34,125,83,97,46.1,704,742,48.7,-1.9,506,564,47.3,-2.9,9.1,88.6,97.7,55,45,44,26,-1.9,228,55.3,5750000
Jean-Gabriel Pageau,30,NYI,C,70,13,27,40,-2,14,3.2,5,5,3,2,23,3,1,123,10.6,1233,61,175,719,537,57.2,852,982,46.5,-4.5,620,707,46.7,-3.8,9.3,90.1,99.5,31.3,68.7,33,35,4.6,204,60.3,5000000
Juuso Parssinen,21,NSH,C,45,6,19,25,-1,15,2,5,1,0,3,12,7,0,49,12.2,645,18,76,156,155,50.2,487,544,47.2,-1.9,362,390,48.1,-0.6,9.8,91.7,101.5,48.2,51.8,26,17,-3.5,92,53.3,850833
Joe Pavelski,38,DAL,C,82,28,49,77,42,8,9.3,15,13,0,2,34,14,1,184,15.2,1453,64,93,368,321,53.4,1258,1046,54.6,4.1,909,764,54.3,4.9,13.7,91.8,105.5,56.2,43.8,32,57,17.9,338,54.7,5500000
Elias Pettersson,24,VAN,C,80,39,63,102,16,14,10.9,28,6,5,6,40,19,4,257,15.2,1644,89,74,442,555,44.3,1101,1020,51.9,5.4,830,766,52,5.5,13.2,88.2,101.4,54.8,45.2,56,47,9.3,489,52.6,7350000
Michael Pezzetta,24,MTL,C,63,7,8,15,-4,77,1,7,0,0,0,7,1,0,70,10,587,28,239,8,12,40,418,568,42.4,-3.2,304,392,43.7,-1.7,11.3,89.4,100.7,45.6,54.4,4,17,-5.5,115,60.9,750000
Shane Pinto,22,OTT,C,82,20,15,35,-21,18,2.6,15,5,0,2,11,4,0,158,12.7,1310,49,71,449,413,52.1,1105,1026,51.9,0.3,827,743,52.7,0.7,7.2,89.3,96.5,52.2,47.8,38,32,-2.4,269,58.7,925000
Rem Pitlick,25,MTL,C,46,6,9,15,-15,22,0.5,5,1,0,1,8,0,1,30,20,594,18,23,25,33,43.1,387,596,39.4,-6.3,285,457,38.4,-7.6,8.5,89.5,98,43.4,56.6,12,31,-11.7,57,52.6,1100000
Tyler Pitlick,31,STL,C,61,7,9,16,-1,14,1.1,7,0,0,0,9,0,0,54,13,615,29,103,2,2,50,453,560,44.7,-2.4,341,400,46,-1.1,9.1,91.1,100.2,44.3,55.7,19,6,-1.2,96,56.3,750000
Ryan Poehling,24,PIT,C,53,7,7,14,-2,8,0.9,5,0,2,0,6,0,1,64,10.9,624,41,57,186,225,45.3,454,469,49.2,-3.4,335,348,49,-3.5,7.1,91.5,98.6,25.9,74.1,29,4,-3.2,110,58.2,750000
Brayden Point,26,TBL,C,82,51,44,95,2,7,11.2,31,20,0,9,34,10,0,235,21.7,1613,37,37,417,405,50.7,1388,1188,53.9,3.4,1057,905,53.9,3.6,11.8,88.6,100.4,63.7,36.3,51,45,13.2,393,59.8,9500000
Sam Reinhart,27,FLA,C,82,31,36,67,-12,12,5.9,15,16,0,5,22,11,3,227,13.7,1622,49,58,236,230,50.6,1276,1001,56,2.4,961,778,55.3,2.5,8.4,88.3,96.7,49.6,50.4,35,38,12.7,407,55.8,6500000
Evan Rodrigues,29,COL,C,69,16,23,39,7,30,3.5,10,6,0,2,18,5,0,184,8.7,1232,27,34,119,122,49.4,1158,894,56.4,5.5,830,661,55.7,5.1,9.2,89.9,99.1,56,44,29,32,13.8,311,59.2,2000000
Jack Roslovic,26,CBJ,C,77,11,33,44,-14,10,3,7,2,2,2,25,7,1,123,8.9,1266,53,42,400,489,45,868,1076,44.7,-1.4,636,824,43.6,-2.3,9.1,90.3,99.4,57.6,42.4,31,45,-17.1,218,56.4,4000000
Nicolas Roy,25,VEG,C,65,14,16,30,10,24,2.8,11,3,0,5,12,3,1,101,13.9,1059,41,83,369,399,48,774,815,48.7,-0.8,547,567,49.1,-1.6,10.5,92.2,102.7,34.8,65.2,45,13,1.9,178,56.7,3000000
Adam Ruži?ka,23,CGY,C,44,6,14,20,-1,8,1.6,4,2,0,2,10,4,0,64,9.4,509,8,28,83,91,47.7,441,346,56,0,340,253,57.3,1.5,7.7,88.8,96.5,53.2,46.8,12,10,3.8,120,53.3,762500
Derek Ryan,36,EDM,C,80,13,7,20,11,28,1.8,11,0,2,0,6,0,1,92,14.1,893,42,54,217,217,50,718,654,52.3,0.7,518,481,51.9,0.8,8.3,93.3,101.6,40.6,59.4,43,15,9.5,150,61.3,1250000
Mark Scheifele,29,WPG,C,81,42,26,68,-16,43,7.3,30,12,0,10,16,10,0,206,20.4,1659,38,50,579,628,48,1369,1252,52.2,0.9,1016,981,50.9,-0.7,9,89.6,98.6,61.6,38.4,61,45,4.9,363,56.7,6125000
Brayden Schenn,31,STL,C,82,21,44,65,-27,50,4.7,15,6,0,3,35,9,0,144,14.6,1511,41,140,472,542,46.5,1061,1276,45.4,-0.7,781,976,44.5,-2.4,10.9,88.3,99.2,49.4,50.6,41,47,-17.3,284,50.7,6500000
Nick Schmaltz,26,ARI,C,63,22,36,58,4,20,5.6,16,6,0,2,29,6,1,132,16.7,1242,28,12,40,60,40,889,911,49.4,5.9,683,703,49.3,6.7,12.7,88.8,101.5,49.5,50.5,61,55,0.5,252,52.8,5850000
Jaden Schwartz,30,SEA,C,71,21,19,40,-17,22,3,15,6,0,2,17,2,0,167,12.6,1237,25,55,73,84,46.5,980,824,54.3,2.5,725,614,54.1,1.2,8.6,86,94.6,53.4,46.6,44,31,6.5,291,57.4,5500000
Tyler Seguin,31,DAL,C,76,21,29,50,3,24,4.9,13,7,1,3,24,4,1,189,11.1,1263,23,84,476,394,54.7,1055,905,53.8,2.7,790,668,54.2,4.2,9.6,89.3,98.9,53.4,46.6,28,33,3,303,62.4,9850000
Yegor Sharangovich,24,NJD,C,75,13,17,30,-3,16,2.1,11,0,2,2,15,0,2,131,9.9,1081,41,22,26,53,32.9,915,812,53,-1.5,667,600,52.6,-2.4,8.6,88.4,97,56.8,43.2,40,30,0.9,238,55,2000000
Mason Shaw,24,MIN,C,59,7,10,17,-1,79,1.3,7,0,0,0,8,0,2,92,7.6,666,27,87,15,13,53.6,481,516,48.2,-2.2,354,375,48.6,-2.4,6.9,92.4,99.4,36.4,63.6,17,18,-2.1,153,60.1,750000
Devin Shore,28,EDM,C,47,1,8,9,6,4,0.4,1,0,0,0,8,0,0,33,3,421,24,46,89,86,50.9,354,378,48.4,-4.2,258,280,48,-3.8,6.9,96.6,103.4,47.7,52.3,14,12,2.6,61,54.1,850000
Colton Sissons,29,NSH,C,82,12,18,30,-4,20,2,11,0,1,1,16,2,0,87,13.8,1298,72,164,593,515,53.5,849,1061,44.5,-4.4,633,775,45,-3.3,9.4,91.4,100.9,33,67,32,27,-13.7,179,48.6,2857143
Eric Staal,38,FLA,C,72,14,15,29,-5,26,2,12,0,2,1,15,0,0,106,13.2,1025,45,27,343,400,46.2,823,805,50.6,-5,619,612,50.3,-4.2,7.5,90.8,98.3,46.8,53.2,33,31,2.6,183,57.9,750000
Jordan Staal,34,CAR,C,81,17,17,34,7,32,3.3,16,0,1,3,16,0,1,124,13.7,1318,39,155,821,653,55.7,1166,756,60.7,0.8,860,574,60,0.7,8.7,89.1,97.7,52,48,33,30,9.9,201,61.7,6000000
Steven Stamkos,32,TBL,C,81,34,50,84,-5,46,8.4,20,14,0,6,29,21,0,240,14.2,1541,51,92,501,430,53.8,1175,1156,50.4,-1.8,876,857,50.5,-1.4,12.3,88.6,100.9,53.3,46.7,25,54,4,449,53.5,8500000
Paul Stastny,37,CAR,C,73,9,13,22,4,16,1.9,7,2,0,3,11,2,0,80,11.3,867,18,21,280,206,57.6,878,563,60.9,1,656,437,60,0.3,6.9,92,98.9,60.1,39.9,20,8,8.8,137,58.4,1500000
Sam Steel,24,MIN,C,65,10,18,28,11,18,2.6,9,0,1,2,15,3,0,85,11.8,972,15,46,308,325,48.7,816,743,52.3,2.6,609,553,52.4,2.4,10.5,91.3,101.8,57.3,42.7,21,22,5.6,149,57,825000
Kevin Stenlund,26,WPG,C,54,6,3,9,3,20,0.6,4,0,2,0,3,0,0,63,9.5,629,28,31,280,246,53.2,442,406,52.1,0.1,326,296,52.4,0.8,6.7,93.7,100.3,27.2,72.8,25,12,-2.4,117,53.8,750000
Derek Stepan,32,CAR,C,73,5,6,11,8,8,0.9,5,0,0,0,5,0,1,98,5.1,663,21,29,229,193,54.3,745,404,64.8,5.5,560,308,64.5,6,6,93.4,99.3,60.6,39.4,24,10,8.4,178,55.1,750000
Chandler Stephenson,28,VEG,C,81,16,49,65,12,26,5.6,9,6,1,5,38,9,2,120,13.3,1540,56,74,675,487,58.1,1191,1280,48.2,0,867,885,49.5,0.5,10.2,91,101.2,50.8,49.2,64,30,4.8,203,59.1,2750000
Dylan Strome,25,WSH,C,81,23,42,65,-4,24,6.3,20,3,0,2,24,18,0,154,14.9,1352,43,20,528,554,48.8,1146,1094,51.2,2.2,853,832,50.6,1.7,10.5,89.2,99.7,66.6,33.4,45,42,4.4,275,56,3500000
Ryan Strome,29,ANA,C,82,15,26,41,-30,79,1.9,14,1,0,2,23,3,0,130,11.5,1397,24,29,402,516,43.8,1045,1370,43.3,0.6,797,1088,42.3,0.5,9.9,89.4,99.3,54.2,45.8,29,48,-29.6,206,63.1,5000000
Jack Studnicka,23,TOT,C,48,4,4,8,-12,16,-0.2,4,0,0,1,4,0,0,65,6.2,509,19,61,77,84,47.8,343,448,43.4,-5.4,247,345,41.7,-7.4,4.4,91.7,96,38.8,61.2,17,6,-6.5,108,60.2,762500
Jack Studnicka,23,TOT,C,48,4,4,8,-12,16,-0.2,4,0,0,1,4,0,0,65,6.2,509,19,61,77,84,47.8,339,442,43.4,-5.2,243,340,41.7,-7.3,4.5,92,96.5,39.5,60.5,17,6,-6.6,108,60.2,762500
Nico Sturm,27,SJS,C,74,14,12,26,-13,23,1.7,13,0,1,1,12,0,0,119,11.8,1090,45,100,491,389,55.8,762,887,46.2,-3.3,583,649,47.3,-1.3,9.3,88.6,97.9,36.4,63.6,40,19,-4.5,194,61.9,2000000
Oskar Sundqvist,28,TOT,C,67,10,18,28,-4,28,2.1,7,3,0,0,13,5,0,69,14.5,929,28,63,27,36,42.9,591,719,45.1,-1.6,435,514,45.8,-1.2,10.9,90.1,101,51.6,48.4,17,20,-5,125,55.2,2750000
Nick Suzuki,23,MTL,C,82,26,40,66,-13,33,5.4,16,7,3,2,30,10,0,162,16,1730,56,50,663,738,47.3,1150,1299,47,1.9,843,950,47,2,11.8,87.6,99.4,51.9,48.1,42,52,-11.3,294,55.1,7875000
John Tavares,32,TOR,C,80,36,44,80,-7,34,8.5,18,18,0,9,23,21,0,277,13,1413,36,112,726,519,58.3,1087,1033,51.3,0.8,807,764,51.4,-0.4,10,88.6,98.6,55.5,44.5,46,54,14.5,464,59.7,11000000
Troy Terry,25,ANA,C,70,23,38,61,-8,22,5.5,18,5,0,3,31,7,0,188,12.2,1356,23,12,2,0,100,1070,1107,49.2,7.9,792,875,47.5,7,11.4,89.9,101.3,57.5,42.5,43,27,-11.1,352,53.4,1450000
Robert Thomas,23,STL,C,73,18,47,65,-8,22,5.2,12,5,1,2,30,17,0,106,17,1412,29,15,646,575,52.9,982,1065,48,3,748,828,47.5,1.9,12.8,86.9,99.8,55.3,44.7,67,40,-8.3,175,60.6,2800000
Tage Thompson,25,BUF,C,78,47,47,94,4,39,11.1,26,20,1,7,33,14,0,295,15.9,1450,26,55,350,463,43.1,1240,1073,53.6,3.4,943,855,52.4,3.3,11.5,89,100.4,63.8,36.2,43,40,0.2,542,54.4,1400000
Chris Tierney,28,TOT,C,36,3,7,10,-8,6,0.3,3,0,0,0,6,0,1,19,15.8,391,21,15,111,125,47,246,340,42,-7.1,186,243,43.4,-5.9,11.3,86.3,97.6,44.3,55.7,13,11,-8.8,36,52.8,750000
Jonathan Toews,34,CHI,C,53,15,16,31,-31,43,2.1,6,9,0,1,13,3,0,87,17.2,939,23,9,594,347,63.1,596,746,44.4,1.2,425,569,42.8,-0.6,9.6,87.6,97.1,48,52,37,42,-14.4,138,63,10500000
Tyler Toffoli,30,CGY,C,82,34,39,73,16,28,8.6,24,10,0,4,24,15,0,268,12.7,1362,14,59,7,5,58.3,1232,867,58.7,2.1,921,637,59.1,3.2,10.2,88.8,99,56.7,43.3,41,32,14.9,477,56.2,4250000
Yakov Trenin,26,NSH,C,77,12,12,24,-7,47,1.5,10,0,2,2,10,2,0,140,8.6,1166,30,167,14,22,38.9,823,945,46.5,-1.6,607,702,46.4,-1.4,6.8,92.1,98.9,36.8,63.2,44,43,-8.9,259,54.1,1700000
Vincent Trocheck,29,NYR,C,82,22,42,64,3,58,5.7,13,9,0,3,34,8,0,225,9.8,1584,44,182,721,565,56.1,1273,1121,53.2,4.5,947,821,53.6,4.5,9.5,90.3,99.8,49.7,50.3,55,64,3.7,410,54.9,5625000
Carter Verhaeghe,27,FLA,C,81,42,31,73,10,46,8.7,35,7,0,2,25,6,0,275,15.3,1418,31,29,20,21,48.8,1480,1142,56.4,3.1,1103,908,54.8,2.1,9.7,90.1,99.9,53.9,46.1,35,56,14,470,58.5,4166667
Gabriel Vilardi,23,LAK,C,63,23,18,41,10,18,4.8,18,5,0,6,14,4,0,122,18.9,983,33,41,52,61,46,734,663,52.5,-0.2,544,469,53.7,-0.8,9.2,92,101.3,54.3,45.7,23,16,8.5,207,58.9,825000
Nathan Walker,28,STL,C,56,2,8,10,10,25,0.5,2,0,0,1,8,0,0,43,4.7,576,35,82,95,82,53.7,376,522,41.9,-5,275,379,42,-5.3,11.6,94.7,106.3,41.9,58.1,8,6,-5.6,78,55.1,750000
Alexander Wennberg,28,SEA,C,82,13,25,38,-7,20,1.8,9,4,0,3,20,5,0,101,12.9,1533,63,43,627,748,45.6,1050,957,52.3,-0.1,790,702,52.9,-0.1,9.5,87.9,97.4,50.4,49.6,84,26,1.1,165,61.2,4500000
Colin White,26,FLA,C,68,8,7,15,0,12,1,8,0,0,0,7,0,0,64,12.5,655,29,61,84,111,43.1,539,523,50.8,-5.2,387,400,49.2,-6.2,8.7,91.3,100,52.2,47.8,14,16,-2.9,114,56.1,1200000
Pavel Zacha,25,BOS,C,82,21,36,57,26,16,6.1,18,3,0,3,30,5,1,131,16,1317,21,67,134,162,45.3,998,972,50.7,0,746,720,50.9,-0.4,13.3,91.3,104.6,55.8,44.2,31,35,7,220,59.5,3500000
Trevor Zegras,21,ANA,C,81,23,42,65,-24,88,5,19,4,0,3,29,13,0,184,12.5,1525,29,46,237,336,41.4,1180,1282,47.9,7.1,886,1033,46.2,5.9,10.7,88.7,99.5,65.4,34.6,31,75,-17.5,369,49.9,925000
Mika Zibanejad,29,NYR,C,82,39,52,91,25,20,10.6,18,20,1,5,32,19,1,251,15.5,1637,48,71,692,706,49.5,1126,1064,51.4,1.9,853,779,52.3,2.6,10.5,92.7,103.2,48.5,51.5,57,67,1.7,440,57,8500000
